序号,动作编码,当前名称,当前器械,当前一级分类,当前子分类,当前主动肌,当前主动肌region,当前协同肌,当前协同肌region,名称结论,分类结论,肌群结论,总评,建议名称,建议器械,建议一级分类,建议子分类,建议主动肌,建议主动肌region,建议协同肌,建议协同肌region,调整建议,事实依据摘要,证据ID,原备注
1,BB_BENCH_PRESS,杠铃卧推,杠铃,胸,中下胸,胸大肌,chest,三角肌前束、肱三头肌,deltFront|triceps,通过,通过,通过,通过,杠铃卧推,杠铃,胸,中下胸,胸大肌,chest,三角肌前束、肱三头肌,deltFront|triceps,保留当前名称、分类和肌群。,水平/上斜/下斜推举类的主目标与当前胸部分类一致；前束和三头作为协同肌合理。,E1|E2|P0,必留
2,DB_BENCH_PRESS,哑铃卧推,哑铃,胸,中下胸,胸大肌,chest,三角肌前束、肱三头肌,deltFront|triceps,通过,通过,通过,通过,哑铃卧推,哑铃,胸,中下胸,胸大肌,chest,三角肌前束、肱三头肌,deltFront|triceps,保留当前名称、分类和肌群。,水平/上斜/下斜推举类的主目标与当前胸部分类一致；前束和三头作为协同肌合理。,E1|E2|P0,必留
3,INCLINE_BB_PRESS,上斜杠铃卧推,杠铃,胸,上胸,胸大肌,chest,三角肌前束、肱三头肌,deltFront|triceps,通过,通过,通过,通过,上斜杠铃卧推,杠铃,胸,上胸,胸大肌,chest,三角肌前束、肱三头肌,deltFront|triceps,保留当前名称、分类和肌群。,水平/上斜/下斜推举类的主目标与当前胸部分类一致；前束和三头作为协同肌合理。,E1|E2|P0,必留
4,INCLINE_DB_PRESS,上斜哑铃卧推,哑铃,胸,上胸,胸大肌,chest,三角肌前束、肱三头肌,deltFront|triceps,通过,通过,通过,通过,上斜哑铃卧推,哑铃,胸,上胸,胸大肌,chest,三角肌前束、肱三头肌,deltFront|triceps,保留当前名称、分类和肌群。,水平/上斜/下斜推举类的主目标与当前胸部分类一致；前束和三头作为协同肌合理。,E1|E2|P0,必留，线上高频
5,DECLINE_BB_PRESS,下斜杠铃卧推,杠铃,胸,中下胸,胸大肌,chest,三角肌前束、肱三头肌,deltFront|triceps,通过,通过,通过,通过,下斜杠铃卧推,杠铃,胸,中下胸,胸大肌,chest,三角肌前束、肱三头肌,deltFront|triceps,保留当前名称、分类和肌群。,水平/上斜/下斜推举类的主目标与当前胸部分类一致；前束和三头作为协同肌合理。,E1|E2|P0,保留
6,DECLINE_DB_PRESS,下斜哑铃卧推,哑铃,胸,中下胸,胸大肌,chest,三角肌前束、肱三头肌,deltFront|triceps,通过,通过,通过,通过,下斜哑铃卧推,哑铃,胸,中下胸,胸大肌,chest,三角肌前束、肱三头肌,deltFront|triceps,保留当前名称、分类和肌群。,水平/上斜/下斜推举类的主目标与当前胸部分类一致；前束和三头作为协同肌合理。,E1|E2|P0,保留
7,SMITH_BENCH_PRESS,史密斯卧推,史密斯,胸,中下胸,胸大肌,chest,三角肌前束、肱三头肌,deltFront|triceps,通过,通过,通过,通过,史密斯卧推,史密斯,胸,中下胸,胸大肌,chest,三角肌前束、肱三头肌,deltFront|triceps,保留当前名称、分类和肌群。,水平/上斜/下斜推举类的主目标与当前胸部分类一致；前束和三头作为协同肌合理。,E1|E2|P0,必留
8,INCLINE_SMITH_BENCH_PRESS,上斜史密斯卧推,史密斯,胸,上胸,胸大肌,chest,三角肌前束、肱三头肌,deltFront|triceps,通过,通过,通过,通过,上斜史密斯卧推,史密斯,胸,上胸,胸大肌,chest,三角肌前束、肱三头肌,deltFront|triceps,保留当前名称、分类和肌群。,水平/上斜/下斜推举类的主目标与当前胸部分类一致；前束和三头作为协同肌合理。,E1|E2|P0,必留，线上有历史
9,DECLINE_SMITH_BENCH_PRESS,下斜史密斯卧推,史密斯,胸,中下胸,胸大肌,chest,三角肌前束、肱三头肌,deltFront|triceps,通过,通过,通过,通过,下斜史密斯卧推,史密斯,胸,中下胸,胸大肌,chest,三角肌前束、肱三头肌,deltFront|triceps,保留当前名称、分类和肌群。,水平/上斜/下斜推举类的主目标与当前胸部分类一致；前束和三头作为协同肌合理。,E1|E2|P0,保留
10,MACHINE_CHEST_PRESS,器械推胸,器械,胸,中下胸,胸大肌,chest,三角肌前束、肱三头肌,deltFront|triceps,通过,通过,通过,通过,器械推胸,器械,胸,中下胸,胸大肌,chest,三角肌前束、肱三头肌,deltFront|triceps,保留当前名称、分类和肌群。,水平/上斜/下斜推举类的主目标与当前胸部分类一致；前束和三头作为协同肌合理。,E1|E2|P0,必留
11,MACHINE_INCLINE_PRESS,上斜器械推胸,器械,胸,上胸,胸大肌,chest,三角肌前束、肱三头肌,deltFront|triceps,通过,通过,通过,通过,上斜器械推胸,器械,胸,上胸,胸大肌,chest,三角肌前束、肱三头肌,deltFront|triceps,保留当前名称、分类和肌群。,水平/上斜/下斜推举类的主目标与当前胸部分类一致；前束和三头作为协同肌合理。,E1|E2|P0,保留
12,HAMMER_CHEST_PRESS,悍马机推胸,悍马机,胸,中下胸,胸大肌,chest,三角肌前束、肱三头肌,deltFront|triceps,通过,通过,通过,通过,悍马机推胸,悍马机,胸,中下胸,胸大肌,chest,三角肌前束、肱三头肌,deltFront|triceps,保留当前名称、分类和肌群。,水平/上斜/下斜推举类的主目标与当前胸部分类一致；前束和三头作为协同肌合理。,E1|E2|P0,必留，线上有历史
13,INCLINE_HAMMER_CHEST_PRESS,上斜悍马机推胸,悍马机,胸,上胸,胸大肌,chest,三角肌前束、肱三头肌,deltFront|triceps,通过,通过,通过,通过,上斜悍马机推胸,悍马机,胸,上胸,胸大肌,chest,三角肌前束、肱三头肌,deltFront|triceps,保留当前名称、分类和肌群。,水平/上斜/下斜推举类的主目标与当前胸部分类一致；前束和三头作为协同肌合理。,E1|E2|P0,必留，线上有历史
14,HAMMER_BENCH_PRESS,悍马机卧推,悍马机,胸,中下胸,胸大肌,chest,三角肌前束、肱三头肌,deltFront|triceps,通过,通过,通过,通过,悍马机卧推,悍马机,胸,中下胸,胸大肌,chest,三角肌前束、肱三头肌,deltFront|triceps,保留当前名称、分类和肌群。,水平/上斜/下斜推举类的主目标与当前胸部分类一致；前束和三头作为协同肌合理。,E1|E2|P0,保留；卧姿动作，不与坐姿悍马机推胸合并
15,DB_FLY,哑铃飞鸟,哑铃,胸,中下胸,胸大肌,chest,三角肌前束、肱三头肌,deltFront|triceps,通过,通过,建议调整,建议调整,哑铃飞鸟,哑铃,胸,中下胸,胸大肌,chest,三角肌前束,deltFront,调整协同肌：飞鸟/夹胸类移除肱三头肌，仅保留三角肌前束作为可见协同。,飞鸟/夹胸类主目标是胸大肌，前束可参与；三头不是主要协同，当前协同肌需收紧。,E3|E2|P0,必留
16,INCLINE_DB_FLY,上斜哑铃飞鸟,哑铃,胸,上胸,胸大肌,chest,三角肌前束、肱三头肌,deltFront|triceps,通过,通过,建议调整,建议调整,上斜哑铃飞鸟,哑铃,胸,上胸,胸大肌,chest,三角肌前束,deltFront,调整协同肌：飞鸟/夹胸类移除肱三头肌，仅保留三角肌前束作为可见协同。,飞鸟/夹胸类主目标是胸大肌，前束可参与；三头不是主要协同，当前协同肌需收紧。,E3|E2|P0,保留
17,CABLE_CROSSOVER,绳索夹胸,绳索,胸,中下胸,胸大肌,chest,三角肌前束、肱三头肌,deltFront|triceps,通过,通过,建议调整,建议调整,绳索夹胸,绳索,胸,中下胸,胸大肌,chest,三角肌前束,deltFront,调整协同肌：飞鸟/夹胸类移除肱三头肌，仅保留三角肌前束作为可见协同。,飞鸟/夹胸类主目标是胸大肌，前束可参与；三头不是主要协同，当前协同肌需收紧。,E3|E2|P0,必留
18,HIGH_CABLE_FLY,高位绳索夹胸,绳索,胸,中下胸,胸大肌,chest,三角肌前束、肱三头肌,deltFront|triceps,通过,通过,建议调整,建议调整,高位绳索夹胸,绳索,胸,中下胸,胸大肌,chest,三角肌前束,deltFront,调整协同肌：飞鸟/夹胸类移除肱三头肌，仅保留三角肌前束作为可见协同。,飞鸟/夹胸类主目标是胸大肌，前束可参与；三头不是主要协同，当前协同肌需收紧。,E3|E2|P0,保留
19,LOW_CABLE_FLY,低位绳索夹胸,绳索,胸,上胸,胸大肌,chest,三角肌前束、肱三头肌,deltFront|triceps,通过,通过,建议调整,建议调整,低位绳索夹胸,绳索,胸,上胸,胸大肌,chest,三角肌前束,deltFront,调整协同肌：飞鸟/夹胸类移除肱三头肌，仅保留三角肌前束作为可见协同。,飞鸟/夹胸类主目标是胸大肌，前束可参与；三头不是主要协同，当前协同肌需收紧。,E3|E2|P0,保留
20,PEC_DECK_FLY,蝴蝶机夹胸,器械,胸,中下胸,胸大肌,chest,三角肌前束、肱三头肌,deltFront|triceps,通过,通过,建议调整,建议调整,蝴蝶机夹胸,器械,胸,中下胸,胸大肌,chest,三角肌前束,deltFront,调整协同肌：飞鸟/夹胸类移除肱三头肌，仅保留三角肌前束作为可见协同。,飞鸟/夹胸类主目标是胸大肌，前束可参与；三头不是主要协同，当前协同肌需收紧。,E3|E2|P0,必留
21,CHEST_DIP,双杠臂屈伸（胸）,自重,胸,中下胸,胸大肌,chest,三角肌前束、肱三头肌,deltFront|triceps,通过,通过,通过,通过,双杠臂屈伸（胸）,自重,胸,中下胸,胸大肌,chest,三角肌前束、肱三头肌,deltFront|triceps,保留当前名称、分类和肌群。,俯卧撑/臂屈伸类为胸、前三角、三头共同参与；窄距/钻石变体更偏三头。,E4|E1|P0,必留
22,PUSH_UP,俯卧撑,自重,胸,中下胸,胸大肌,chest,三角肌前束、肱三头肌,deltFront|triceps,通过,通过,通过,通过,俯卧撑,自重,胸,中下胸,胸大肌,chest,三角肌前束、肱三头肌,deltFront|triceps,保留当前名称、分类和肌群。,俯卧撑/臂屈伸类为胸、前三角、三头共同参与；窄距/钻石变体更偏三头。,E4|E1|P0,必留
23,INCLINE_PUSH_UP,上斜俯卧撑,自重,胸,中下胸,胸大肌,chest,三角肌前束、肱三头肌,deltFront|triceps,通过,通过,通过,通过,上斜俯卧撑,自重,胸,中下胸,胸大肌,chest,三角肌前束、肱三头肌,deltFront|triceps,保留当前名称、分类和肌群。,俯卧撑/臂屈伸类为胸、前三角、三头共同参与；窄距/钻石变体更偏三头。,E4|E1|P0,保留
24,DECLINE_PUSH_UP,下斜俯卧撑,自重,胸,上胸,胸大肌,chest,三角肌前束、肱三头肌,deltFront|triceps,通过,通过,通过,通过,下斜俯卧撑,自重,胸,上胸,胸大肌,chest,三角肌前束、肱三头肌,deltFront|triceps,保留当前名称、分类和肌群。,俯卧撑/臂屈伸类为胸、前三角、三头共同参与；窄距/钻石变体更偏三头。,E4|E1|P0,保留
25,DIAMOND_PUSH_UP,钻石俯卧撑,自重,胸,中下胸,胸大肌,chest,三角肌前束、肱三头肌,deltFront|triceps,通过,建议调整,建议调整,建议调整,钻石俯卧撑,自重,手臂,,肱三头肌,triceps,胸大肌、三角肌前束,chest|deltFront,建议改归手臂/三头；若产品坚持放胸，至少把主动肌改为肱三头肌，胸和前三角作协同。,俯卧撑/臂屈伸类为胸、前三角、三头共同参与；窄距/钻石变体更偏三头。,E4|E1|P0,保留
26,PULL_UP,引体向上,自重,背,,背阔肌,lats,肱二头肌、三角肌后束,biceps|deltRear,通过,通过,通过,通过,引体向上,自重,背,,背阔肌,lats,肱二头肌、三角肌后束,biceps|deltRear,保留当前名称、分类和肌群。,垂直拉类主目标为背阔肌，二头和后三角参与；当前大方向正确。,E5|P0,必留，线上高频
27,CHIN_UP,反握引体向上,自重,背,,背阔肌,lats,肱二头肌、三角肌后束,biceps|deltRear,通过,通过,通过,通过,反握引体向上,自重,背,,背阔肌,lats,肱二头肌、三角肌后束,biceps|deltRear,保留当前名称、分类和肌群。,垂直拉类主目标为背阔肌，二头和后三角参与；当前大方向正确。,E5|P0,保留
28,WIDE_PULL_UP,宽握引体向上,自重,背,,背阔肌,lats,肱二头肌、三角肌后束,biceps|deltRear,通过,通过,通过,通过,宽握引体向上,自重,背,,背阔肌,lats,肱二头肌、三角肌后束,biceps|deltRear,保留当前名称、分类和肌群。,垂直拉类主目标为背阔肌，二头和后三角参与；当前大方向正确。,E5|P0,保留
29,ASSISTED_PULL_UP,辅助引体向上,器械,背,,背阔肌,lats,肱二头肌、三角肌后束,biceps|deltRear,通过,通过,通过,通过,辅助引体向上,器械,背,,背阔肌,lats,肱二头肌、三角肌后束,biceps|deltRear,保留当前名称、分类和肌群。,垂直拉类主目标为背阔肌，二头和后三角参与；当前大方向正确。,E5|P0,必留，线上有历史
30,LAT_PULLDOWN,高位下拉,绳索,背,,背阔肌,lats,肱二头肌、三角肌后束,biceps|deltRear,通过,通过,通过,通过,高位下拉,绳索,背,,背阔肌,lats,肱二头肌、三角肌后束,biceps|deltRear,保留当前名称、分类和肌群。,垂直拉类主目标为背阔肌，二头和后三角参与；当前大方向正确。,E5|P0,必留，默认宽握，线上高频
31,CLOSE_LAT_PULLDOWN,窄握高位下拉,绳索,背,,背阔肌,lats,肱二头肌、三角肌后束,biceps|deltRear,通过,通过,通过,通过,窄握高位下拉,绳索,背,,背阔肌,lats,肱二头肌、三角肌后束,biceps|deltRear,保留当前名称、分类和肌群。,垂直拉类主目标为背阔肌，二头和后三角参与；当前大方向正确。,E5|P0,必留，线上有历史
32,NEUTRAL_GRIP_PULLDOWN,对握高位下拉,绳索,背,,背阔肌,lats,肱二头肌、三角肌后束,biceps|deltRear,通过,通过,通过,通过,对握高位下拉,绳索,背,,背阔肌,lats,肱二头肌、三角肌后束,biceps|deltRear,保留当前名称、分类和肌群。,垂直拉类主目标为背阔肌，二头和后三角参与；当前大方向正确。,E5|P0,必留，线上计划有历史
33,REVERSE_LAT_PULLDOWN,反握高位下拉,绳索,背,,背阔肌,lats,肱二头肌、三角肌后束,biceps|deltRear,通过,通过,通过,通过,反握高位下拉,绳索,背,,背阔肌,lats,肱二头肌、三角肌后束,biceps|deltRear,保留当前名称、分类和肌群。,垂直拉类主目标为背阔肌，二头和后三角参与；当前大方向正确。,E5|P0,保留
34,V_BAR_PULLDOWN,V-bar 下拉,绳索,背,,背阔肌,lats,肱二头肌、三角肌后束,biceps|deltRear,通过,通过,通过,通过,V-bar 下拉,绳索,背,,背阔肌,lats,肱二头肌、三角肌后束,biceps|deltRear,名称准确；注意不要与“窄握高位下拉/对握高位下拉”重复展示过多，当前可保留。,垂直拉类主目标为背阔肌，二头和后三角参与；当前大方向正确。,E5|P0,保留，线上有历史
35,SINGLE_ARM_LAT_PULLDOWN,单臂高位下拉,绳索,背,,背阔肌,lats,肱二头肌、三角肌后束,biceps|deltRear,通过,通过,通过,通过,单臂高位下拉,绳索,背,,背阔肌,lats,肱二头肌、三角肌后束,biceps|deltRear,保留当前名称、分类和肌群。,垂直拉类主目标为背阔肌，二头和后三角参与；当前大方向正确。,E5|P0,保留，线上有历史
36,MACHINE_PULLDOWN,器械下拉,器械,背,,背阔肌,lats,肱二头肌、三角肌后束,biceps|deltRear,通过,通过,通过,通过,器械下拉,器械,背,,背阔肌,lats,肱二头肌、三角肌后束,biceps|deltRear,保留当前名称、分类和肌群。,垂直拉类主目标为背阔肌，二头和后三角参与；当前大方向正确。,E5|P0,保留
37,HAMMER_PULLDOWN,悍马机下拉,悍马机,背,,背阔肌,lats,肱二头肌、三角肌后束,biceps|deltRear,通过,通过,通过,通过,悍马机下拉,悍马机,背,,背阔肌,lats,肱二头肌、三角肌后束,biceps|deltRear,保留当前名称、分类和肌群。,垂直拉类主目标为背阔肌，二头和后三角参与；当前大方向正确。,E5|P0,必留，线上有历史
38,SINGLE_ARM_HAMMER_PULLDOWN,单臂悍马机下拉,悍马机,背,,背阔肌,lats,肱二头肌、三角肌后束,biceps|deltRear,通过,通过,通过,通过,单臂悍马机下拉,悍马机,背,,背阔肌,lats,肱二头肌、三角肌后束,biceps|deltRear,保留当前名称、分类和肌群。,垂直拉类主目标为背阔肌，二头和后三角参与；当前大方向正确。,E5|P0,保留，线上有历史
39,STRAIGHT_ARM_PULLDOWN,直臂下压,绳索,背,,背阔肌,lats,肱二头肌、三角肌后束,biceps|deltRear,通过,通过,建议调整,建议调整,直臂下压,绳索,背,,背阔肌,lats,肱三头肌、三角肌后束,triceps|deltRear,调整协同肌：直臂下压主要不是二头弯曲参与，建议用肱三头肌长头/后三角近似协同。,直臂下压是肩伸为主的背阔动作，肘关节不做主要屈伸；当前把肱二头肌列为协同偏离动作机制。,E5|P0,必留，线上有历史
40,BB_ROW,杠铃划船,杠铃,背,,菱形肌/中背,rhomboids,肱二头肌、三角肌后束,biceps|deltRear,通过,通过,建议调整,建议调整,杠铃划船,杠铃,背,,背阔肌、菱形肌/中背,lats|rhomboids,肱二头肌、三角肌后束,biceps|deltRear,补齐背阔肌为主动肌；仅用菱形肌会低估划船类对背阔/中背的共同训练。,划船类不是单纯菱形肌动作，背阔肌和中背同时参与；建议补齐 lats 以免高亮偏窄。,E6|P0,必留，线上高频
41,PENDLAY_ROW,潘德利划船,杠铃,背,,菱形肌/中背,rhomboids,肱二头肌、三角肌后束,biceps|deltRear,通过,通过,建议调整,建议调整,潘德利划船,杠铃,背,,背阔肌、菱形肌/中背,lats|rhomboids,肱二头肌、三角肌后束,biceps|deltRear,补齐背阔肌为主动肌；仅用菱形肌会低估划船类对背阔/中背的共同训练。,划船类不是单纯菱形肌动作，背阔肌和中背同时参与；建议补齐 lats 以免高亮偏窄。,E6|P0,保留
42,T_BAR_ROW,T杠划船,T杠,背,,菱形肌/中背,rhomboids,肱二头肌、三角肌后束,biceps|deltRear,通过,通过,建议调整,建议调整,T杠划船,T杠,背,,背阔肌、菱形肌/中背,lats|rhomboids,肱二头肌、三角肌后束,biceps|deltRear,补齐背阔肌为主动肌；仅用菱形肌会低估划船类对背阔/中背的共同训练。,划船类不是单纯菱形肌动作，背阔肌和中背同时参与；建议补齐 lats 以免高亮偏窄。,E6|P0,必留
43,DB_BENT_OVER_ROW,哑铃划船,哑铃,背,,菱形肌/中背,rhomboids,肱二头肌、三角肌后束,biceps|deltRear,通过,通过,建议调整,建议调整,哑铃划船,哑铃,背,,背阔肌、菱形肌/中背,lats|rhomboids,肱二头肌、三角肌后束,biceps|deltRear,名称作为双臂/泛称可保留；如需和单臂哑铃划船更清楚，可改“俯身哑铃划船”。,划船类不是单纯菱形肌动作，背阔肌和中背同时参与；建议补齐 lats 以免高亮偏窄。,E6|P0,必留
44,SINGLE_ARM_DB_ROW,单臂哑铃划船,哑铃,背,,菱形肌/中背,rhomboids,肱二头肌、三角肌后束,biceps|deltRear,通过,通过,建议调整,建议调整,单臂哑铃划船,哑铃,背,,背阔肌、菱形肌/中背,lats|rhomboids,肱二头肌、三角肌后束,biceps|deltRear,补齐背阔肌为主动肌；仅用菱形肌会低估划船类对背阔/中背的共同训练。,划船类不是单纯菱形肌动作，背阔肌和中背同时参与；建议补齐 lats 以免高亮偏窄。,E6|P0,必留
45,DB_PRONE_ROW,俯卧哑铃划船,哑铃,背,,菱形肌/中背,rhomboids,肱二头肌、三角肌后束,biceps|deltRear,通过,通过,建议调整,建议调整,俯卧哑铃划船,哑铃,背,,背阔肌、菱形肌/中背,lats|rhomboids,肱二头肌、三角肌后束,biceps|deltRear,名称准确，肌群按划船类补 lats。,划船类不是单纯菱形肌动作，背阔肌和中背同时参与；建议补齐 lats 以免高亮偏窄。,E6|P0,保留，线上有历史
46,SEATED_CABLE_ROW,坐姿绳索划船,绳索,背,,菱形肌/中背,rhomboids,肱二头肌、三角肌后束,biceps|deltRear,通过,通过,建议调整,建议调整,坐姿绳索划船,绳索,背,,背阔肌、菱形肌/中背,lats|rhomboids,肱二头肌、三角肌后束,biceps|deltRear,补齐背阔肌为主动肌；仅用菱形肌会低估划船类对背阔/中背的共同训练。,划船类不是单纯菱形肌动作，背阔肌和中背同时参与；建议补齐 lats 以免高亮偏窄。,E6|P0,必留，线上有历史
47,V_BAR_ROW,V-bar 划船,绳索,背,,菱形肌/中背,rhomboids,肱二头肌、三角肌后束,biceps|deltRear,通过,通过,建议调整,建议调整,V-bar 划船,绳索,背,,背阔肌、菱形肌/中背,lats|rhomboids,肱二头肌、三角肌后束,biceps|deltRear,补齐背阔肌为主动肌；仅用菱形肌会低估划船类对背阔/中背的共同训练。,划船类不是单纯菱形肌动作，背阔肌和中背同时参与；建议补齐 lats 以免高亮偏窄。,E6|P0,保留，线上有历史
48,WIDE_SEATED_ROW,宽握坐姿划船,绳索,背,,菱形肌/中背,rhomboids,肱二头肌、三角肌后束,biceps|deltRear,通过,通过,建议调整,建议调整,宽握坐姿划船,绳索,背,,背阔肌、菱形肌/中背,lats|rhomboids,肱二头肌、三角肌后束,biceps|deltRear,补齐背阔肌为主动肌；仅用菱形肌会低估划船类对背阔/中背的共同训练。,划船类不是单纯菱形肌动作，背阔肌和中背同时参与；建议补齐 lats 以免高亮偏窄。,E6|P0,保留，线上有历史
49,MACHINE_ROW,坐姿器械划船,器械,背,,菱形肌/中背,rhomboids,肱二头肌、三角肌后束,biceps|deltRear,通过,通过,建议调整,建议调整,坐姿器械划船,器械,背,,背阔肌、菱形肌/中背,lats|rhomboids,肱二头肌、三角肌后束,biceps|deltRear,补齐背阔肌为主动肌；仅用菱形肌会低估划船类对背阔/中背的共同训练。,划船类不是单纯菱形肌动作，背阔肌和中背同时参与；建议补齐 lats 以免高亮偏窄。,E6|P0,必留，线上计划有历史
50,MACHINE_SINGLE_ARM_ROW,单臂器械划船,器械,背,,菱形肌/中背,rhomboids,肱二头肌、三角肌后束,biceps|deltRear,通过,通过,建议调整,建议调整,单臂器械划船,器械,背,,背阔肌、菱形肌/中背,lats|rhomboids,肱二头肌、三角肌后束,biceps|deltRear,补齐背阔肌为主动肌；仅用菱形肌会低估划船类对背阔/中背的共同训练。,划船类不是单纯菱形肌动作，背阔肌和中背同时参与；建议补齐 lats 以免高亮偏窄。,E6|P0,保留，线上有历史
51,HAMMER_ROW,悍马机划船,悍马机,背,,菱形肌/中背,rhomboids,肱二头肌、三角肌后束,biceps|deltRear,通过,通过,建议调整,建议调整,悍马机划船,悍马机,背,,背阔肌、菱形肌/中背,lats|rhomboids,肱二头肌、三角肌后束,biceps|deltRear,补齐背阔肌为主动肌；仅用菱形肌会低估划船类对背阔/中背的共同训练。,划船类不是单纯菱形肌动作，背阔肌和中背同时参与；建议补齐 lats 以免高亮偏窄。,E6|P0,必留，线上有历史
52,SINGLE_ARM_HAMMER_ROW,单臂悍马机划船,悍马机,背,,菱形肌/中背,rhomboids,肱二头肌、三角肌后束,biceps|deltRear,通过,通过,建议调整,建议调整,单臂悍马机划船,悍马机,背,,背阔肌、菱形肌/中背,lats|rhomboids,肱二头肌、三角肌后束,biceps|deltRear,补齐背阔肌为主动肌；仅用菱形肌会低估划船类对背阔/中背的共同训练。,划船类不是单纯菱形肌动作，背阔肌和中背同时参与；建议补齐 lats 以免高亮偏窄。,E6|P0,保留，线上有历史
53,SMITH_OVERHAND_ROW,史密斯正手划船,史密斯,背,,菱形肌/中背,rhomboids,肱二头肌、三角肌后束,biceps|deltRear,通过,通过,建议调整,建议调整,史密斯正手划船,史密斯,背,,背阔肌、菱形肌/中背,lats|rhomboids,肱二头肌、三角肌后束,biceps|deltRear,补齐背阔肌为主动肌；仅用菱形肌会低估划船类对背阔/中背的共同训练。,划船类不是单纯菱形肌动作，背阔肌和中背同时参与；建议补齐 lats 以免高亮偏窄。,E6|P0,保留，线上自定义有历史；与反手区分
54,SMITH_REVERSE_ROW,史密斯反手划船,史密斯,背,,背阔肌、菱形肌/中背,lats|rhomboids,肱二头肌、三角肌后束,biceps|deltRear,通过,通过,建议调整,建议调整,史密斯反手划船,史密斯,背,,背阔肌、菱形肌/中背,lats|rhomboids,肱二头肌、三角肌后束,biceps|deltRear,保留背阔+中背双主动肌；当前已比其他划船更准确。,划船类不是单纯菱形肌动作，背阔肌和中背同时参与；建议补齐 lats 以免高亮偏窄。,E6|P0,保留；与正手区分
55,SPLIT_HIGH_ROW,分动式高位划船,器械,背,,菱形肌/中背,rhomboids,肱二头肌、三角肌后束,biceps|deltRear,通过,通过,建议调整,建议调整,分动式高位划船,器械,背,,背阔肌、菱形肌/中背,lats|rhomboids,肱二头肌、三角肌后束,biceps|deltRear,补齐背阔肌为主动肌；仅用菱形肌会低估划船类对背阔/中背的共同训练。,划船类不是单纯菱形肌动作，背阔肌和中背同时参与；建议补齐 lats 以免高亮偏窄。,E6|P0,保留，线上计划有历史
56,INVERTED_ROW,反式划船,自重,背,,菱形肌/中背,rhomboids,肱二头肌、三角肌后束,biceps|deltRear,通过,通过,建议调整,建议调整,反式划船,自重,背,,背阔肌、菱形肌/中背,lats|rhomboids,肱二头肌、三角肌后束,biceps|deltRear,补齐背阔肌为主动肌；仅用菱形肌会低估划船类对背阔/中背的共同训练。,划船类不是单纯菱形肌动作，背阔肌和中背同时参与；建议补齐 lats 以免高亮偏窄。,E6|P0,保留
57,DEADLIFT,硬拉,杠铃,背,,竖脊肌/下背,lowerBack,,,通过,通过,建议调整,建议调整,硬拉,杠铃,背,,竖脊肌/下背、臀大肌,lowerBack|glutes,腘绳肌、股四头肌、斜方肌、前臂,hams|quads|traps|forearms,补齐后链与握力协同；分类可保留在背/竖脊肌路径。,硬拉/髋铰链/背伸类是后链复合动作，当前多处只保留竖脊肌或误列二头/后三角，需要补齐臀腿后链并移除不相关协同。,E7|P0,必留，线上有历史
58,PARTIAL_DEADLIFT,半程硬拉,杠铃,背,,竖脊肌/下背,lowerBack,,,通过,通过,建议调整,建议调整,半程硬拉,杠铃,背,,竖脊肌/下背、臀大肌、斜方肌,lowerBack|glutes|traps,腘绳肌、前臂,hams|forearms,半程硬拉/架上拉更偏上背斜方和竖脊稳定，移除二头/后三角协同。,硬拉/髋铰链/背伸类是后链复合动作，当前多处只保留竖脊肌或误列二头/后三角，需要补齐臀腿后链并移除不相关协同。,E7|P0,保留，线上有历史
59,RACK_PULL,架上拉,杠铃,背,,竖脊肌/下背,lowerBack,肱二头肌、三角肌后束,biceps|deltRear,通过,通过,建议调整,建议调整,架上拉,杠铃,背,,竖脊肌/下背、臀大肌、斜方肌,lowerBack|glutes|traps,腘绳肌、前臂,hams|forearms,移除 biceps/deltRear，补斜方肌、臀、腘绳肌和前臂。,硬拉/髋铰链/背伸类是后链复合动作，当前多处只保留竖脊肌或误列二头/后三角，需要补齐臀腿后链并移除不相关协同。,E7|P0,保留
60,BACK_EXTENSION,山羊挺身,自重,背,,竖脊肌/下背,lowerBack,,,通过,通过,建议调整,建议调整,山羊挺身,自重,背,,竖脊肌/下背,lowerBack,臀大肌、腘绳肌,glutes|hams,补齐臀大肌和腘绳肌协同。,硬拉/髋铰链/背伸类是后链复合动作，当前多处只保留竖脊肌或误列二头/后三角，需要补齐臀腿后链并移除不相关协同。,E7|P0,必留
61,REVERSE_HYPEREXTENSION,反向山羊挺身,自重,背,,竖脊肌/下背、臀大肌,lowerBack|glutes,,,通过,通过,建议调整,建议调整,反向山羊挺身,自重,背,,臀大肌、竖脊肌/下背,glutes|lowerBack,腘绳肌,hams,反向山羊挺身更偏臀/下背后链，建议补腘绳肌协同。,硬拉/髋铰链/背伸类是后链复合动作，当前多处只保留竖脊肌或误列二头/后三角，需要补齐臀腿后链并移除不相关协同。,E7|P0,保留，线上自定义有历史
62,GOOD_MORNING,早安式,杠铃,背,,竖脊肌/下背,lowerBack,,,通过,通过,建议调整,建议调整,早安式,杠铃,背,,腘绳肌、竖脊肌/下背,hams|lowerBack,臀大肌,glutes,早安式是髋铰链，建议把腘绳肌纳入主动肌，臀大肌作协同。,硬拉/髋铰链/背伸类是后链复合动作，当前多处只保留竖脊肌或误列二头/后三角，需要补齐臀腿后链并移除不相关协同。,E7|P0,保留
63,DB_PULLOVER,哑铃仰卧上拉,哑铃,背,,背阔肌,lats,肱二头肌、三角肌后束,biceps|deltRear,通过,通过,建议调整,建议调整,哑铃仰卧上拉,哑铃,背,,背阔肌,lats,胸大肌、肱三头肌,chest|triceps,仰卧上拉保留背阔主导，协同改为胸大肌/肱三头肌近似，移除二头/后三角。,仰卧上拉同时涉及背阔肌和胸大肌；当前把二头/后三角列为协同不够准确。,E8|P0,保留，线上有历史
64,SHRUG_BB,杠铃耸肩,杠铃,背,,斜方肌,traps,肱二头肌、三角肌后束,biceps|deltRear,通过,通过,建议调整,建议调整,杠铃耸肩,杠铃,背,,斜方肌,traps,前臂,forearms,耸肩协同改为前臂/握力，移除二头和后三角。,耸肩主目标是斜方肌，协同更接近握力/前臂，不是二头或后三角。,E9|P0,保留
65,SHRUG_DB,哑铃耸肩,哑铃,背,,斜方肌,traps,肱二头肌、三角肌后束,biceps|deltRear,通过,通过,建议调整,建议调整,哑铃耸肩,哑铃,背,,斜方肌,traps,前臂,forearms,耸肩协同改为前臂/握力，移除二头和后三角。,耸肩主目标是斜方肌，协同更接近握力/前臂，不是二头或后三角。,E9|P0,保留
66,OHP,站姿杠铃推举,杠铃,肩,前束,三角肌前束,deltFront,肱三头肌,triceps,通过,通过,建议调整,建议调整,站姿杠铃推举,杠铃,肩,前束,三角肌前束,deltFront,肱三头肌、三角肌中束,triceps|deltSide,补三角肌中束协同，保留三头。,肩推类以前束/中束三角肌和三头为主要参与肌群；建议补充中束协同。,E10|P0,必留
67,SEATED_BB_PRESS,坐姿杠铃推举,杠铃,肩,前束,三角肌前束,deltFront,肱三头肌,triceps,通过,通过,建议调整,建议调整,坐姿杠铃推举,杠铃,肩,前束,三角肌前束,deltFront,肱三头肌、三角肌中束,triceps|deltSide,补三角肌中束协同，保留三头。,肩推类以前束/中束三角肌和三头为主要参与肌群；建议补充中束协同。,E10|P0,保留
68,DB_OVERHEAD_PRESS,哑铃推肩,哑铃,肩,前束,三角肌前束,deltFront,肱三头肌,triceps,通过,通过,建议调整,建议调整,哑铃推肩,哑铃,肩,前束,三角肌前束,deltFront,肱三头肌、三角肌中束,triceps|deltSide,补三角肌中束协同，保留三头。,肩推类以前束/中束三角肌和三头为主要参与肌群；建议补充中束协同。,E10|P0,必留，线上高频
69,ARNOLD_PRESS,阿诺德推举,哑铃,肩,前束,三角肌前束,deltFront,肱三头肌,triceps,通过,通过,建议调整,建议调整,阿诺德推举,哑铃,肩,前束,三角肌前束,deltFront,肱三头肌、三角肌中束,triceps|deltSide,补三角肌中束协同，保留三头。,肩推类以前束/中束三角肌和三头为主要参与肌群；建议补充中束协同。,E10|P0,保留
70,MACHINE_SHOULDER_PRESS,器械肩推,器械,肩,前束,三角肌前束,deltFront,肱三头肌,triceps,通过,通过,建议调整,建议调整,器械肩推,器械,肩,前束,三角肌前束,deltFront,肱三头肌、三角肌中束,triceps|deltSide,补三角肌中束协同，保留三头。,肩推类以前束/中束三角肌和三头为主要参与肌群；建议补充中束协同。,E10|P0,必留，线上有历史
71,SMITH_SHOULDER_PRESS,史密斯肩推,史密斯,肩,前束,三角肌前束,deltFront,肱三头肌,triceps,通过,通过,建议调整,建议调整,史密斯肩推,史密斯,肩,前束,三角肌前束,deltFront,肱三头肌、三角肌中束,triceps|deltSide,补三角肌中束协同，保留三头。,肩推类以前束/中束三角肌和三头为主要参与肌群；建议补充中束协同。,E10|P0,必留，线上有历史
72,HAMMER_SEATED_PRESS,悍马机坐姿推举,悍马机,肩,前束,三角肌前束,deltFront,肱三头肌,triceps,通过,通过,建议调整,建议调整,悍马机坐姿推举,悍马机,肩,前束,三角肌前束,deltFront,肱三头肌、三角肌中束,triceps|deltSide,补三角肌中束协同，保留三头。,肩推类以前束/中束三角肌和三头为主要参与肌群；建议补充中束协同。,E10|P0,必留，线上有历史
73,LATERAL_RAISE,哑铃侧平举,哑铃,肩,中束,三角肌中束,deltSide,,,通过,通过,通过,通过,哑铃侧平举,哑铃,肩,中束,三角肌中束,deltSide,,,保留当前名称、分类和肌群。,侧平举归三角肌中束准确。,E11|P0,必留，线上高频
74,CABLE_LATERAL_RAISE,绳索侧平举,绳索,肩,中束,三角肌中束,deltSide,,,通过,通过,通过,通过,绳索侧平举,绳索,肩,中束,三角肌中束,deltSide,,,保留当前名称、分类和肌群。,侧平举归三角肌中束准确。,E11|P0,必留，线上有历史
75,SINGLE_ARM_CABLE_LATERAL_RAISE,单臂绳索侧平举,绳索,肩,中束,三角肌中束,deltSide,,,通过,通过,通过,通过,单臂绳索侧平举,绳索,肩,中束,三角肌中束,deltSide,,,保留当前名称、分类和肌群。,侧平举归三角肌中束准确。,E11|P0,保留，线上有历史
76,MACHINE_LATERAL_RAISE,器械侧平举,器械,肩,中束,三角肌中束,deltSide,,,通过,通过,通过,通过,器械侧平举,器械,肩,中束,三角肌中束,deltSide,,,保留当前名称、分类和肌群。,侧平举归三角肌中束准确。,E11|P0,保留
77,HAMMER_LATERAL_RAISE,悍马机侧平举,悍马机,肩,中束,三角肌中束,deltSide,,,通过,通过,通过,通过,悍马机侧平举,悍马机,肩,中束,三角肌中束,deltSide,,,保留当前名称、分类和肌群。,侧平举归三角肌中束准确。,E11|P0,保留，线上有历史
78,FRONT_RAISE,哑铃前平举,哑铃,肩,前束,三角肌前束,deltFront,,,通过,通过,通过,通过,哑铃前平举,哑铃,肩,前束,三角肌前束,deltFront,,,保留当前名称、分类和肌群。,前平举归三角肌前束准确。,E11|P0,保留
79,BB_PLATE_FRONT_RAISE,杠铃片前平举,杠铃,肩,前束,三角肌前束,deltFront,,,通过,通过,通过,通过,杠铃片前平举,杠铃,肩,前束,三角肌前束,deltFront,,,保留当前名称、分类和肌群。,前平举归三角肌前束准确。,E11|P0,保留，线上有历史
80,CABLE_FRONT_RAISE,绳索前平举,绳索,肩,前束,三角肌前束,deltFront,,,通过,通过,通过,通过,绳索前平举,绳索,肩,前束,三角肌前束,deltFront,,,保留当前名称、分类和肌群。,前平举归三角肌前束准确。,E11|P0,保留
81,REAR_DELT_FLY,俯身飞鸟,哑铃,肩,后束,三角肌后束,deltRear,,,通过,通过,建议调整,建议调整,俯身飞鸟,哑铃,肩,后束,三角肌后束,deltRear,斜方肌、菱形肌/中背,traps|rhomboids,后束动作补斜方肌/菱形肌作为肩胛稳定协同。,后束飞鸟/面拉归三角肌后束准确，但肩胛稳定肌可作为协同补充。,E12|P0,必留，线上有历史
82,MACHINE_REVERSE_FLY,蝴蝶机反向飞鸟,器械,肩,后束,三角肌后束,deltRear,,,通过,通过,建议调整,建议调整,蝴蝶机反向飞鸟,器械,肩,后束,三角肌后束,deltRear,斜方肌、菱形肌/中背,traps|rhomboids,后束动作补斜方肌/菱形肌作为肩胛稳定协同。,后束飞鸟/面拉归三角肌后束准确，但肩胛稳定肌可作为协同补充。,E12|P0,必留，线上高频
83,FACE_PULL,绳索面拉,绳索,肩,后束,三角肌后束,deltRear,,,通过,通过,建议调整,建议调整,绳索面拉,绳索,肩,后束,三角肌后束,deltRear,斜方肌、菱形肌/中背、三角肌中束,traps|rhomboids|deltSide,面拉除后三角外，还应体现斜方/菱形和中束稳定。,后束飞鸟/面拉归三角肌后束准确，但肩胛稳定肌可作为协同补充。,E12|P0,必留，线上高频
84,CABLE_CROSS_REAR_FLY,绳索交叉后束飞鸟,绳索,肩,后束,三角肌后束,deltRear,,,通过,通过,建议调整,建议调整,绳索交叉后束飞鸟,绳索,肩,后束,三角肌后束,deltRear,斜方肌、菱形肌/中背,traps|rhomboids,后束动作补斜方肌/菱形肌作为肩胛稳定协同。,后束飞鸟/面拉归三角肌后束准确，但肩胛稳定肌可作为协同补充。,E12|P0,保留，线上有历史
85,PREACHER_BENCH_REAR_DELT_FLY,牧师凳俯身飞鸟,哑铃,肩,后束,三角肌后束,deltRear,,,通过,通过,建议调整,建议调整,牧师凳俯身飞鸟,哑铃,肩,后束,三角肌后束,deltRear,斜方肌、菱形肌/中背,traps|rhomboids,后束动作补斜方肌/菱形肌作为肩胛稳定协同。,后束飞鸟/面拉归三角肌后束准确，但肩胛稳定肌可作为协同补充。,E12|P0,保留，线上自定义有历史
86,UPRIGHT_ROW,杠铃直立划船,杠铃,肩,中束,三角肌中束,deltSide,,,通过,通过,建议调整,建议调整,杠铃直立划船,杠铃,肩,中束,三角肌中束、斜方肌,deltSide|traps,肱二头肌、前臂,biceps|forearms,直立划船补斜方肌主动和二头/前臂协同。,直立划船/高拉主要覆盖三角肌中束和斜方肌；高拉还带爆发动作属性。,E13|P0,保留，线上有历史
87,DB_UPRIGHT_ROW,哑铃直立划船,哑铃,肩,中束,三角肌中束,deltSide,,,通过,通过,建议调整,建议调整,哑铃直立划船,哑铃,肩,中束,三角肌中束、斜方肌,deltSide|traps,肱二头肌、前臂,biceps|forearms,哑铃直立划船补斜方肌主动和二头/前臂协同。,直立划船/高拉主要覆盖三角肌中束和斜方肌；高拉还带爆发动作属性。,E13|P0,保留，覆盖“站姿哑铃划船”
88,BB_HIGH_PULL,杠铃提拉,杠铃,肩,,三角肌中束、斜方肌,deltSide|traps,,,建议改名,建议调整,建议调整,建议调整,杠铃高拉,杠铃,功能性,爆发奥举,斜方肌、三角肌中束、臀大肌、腘绳肌,traps|deltSide|glutes|hams,竖脊肌/下背、前臂,lowerBack|forearms,名称改为更通用的“杠铃高拉”，并从肩改归功能性/爆发奥举；高拉是爆发提拉，不宜只当侧束动作。,直立划船/高拉主要覆盖三角肌中束和斜方肌；高拉还带爆发动作属性。,E13|P0,保留，线上有历史
89,BB_CURL,杠铃弯举,杠铃,手臂,,肱二头肌,biceps,,,通过,通过,通过,通过,杠铃弯举,杠铃,手臂,,肱二头肌,biceps,,,保留当前名称、分类和肌群。,常规弯举归肱二头肌准确。,E14|P0,必留
90,EZ_BAR_CURL,EZ 杠弯举,杠铃,手臂,,肱二头肌,biceps,,,通过,通过,通过,通过,EZ 杠弯举,杠铃,手臂,,肱二头肌,biceps,,,保留当前名称、分类和肌群。,常规弯举归肱二头肌准确。,E14|P0,必留，线上有历史
91,DB_CURL,哑铃弯举,哑铃,手臂,,肱二头肌,biceps,,,通过,通过,通过,通过,哑铃弯举,哑铃,手臂,,肱二头肌,biceps,,,保留当前名称、分类和肌群。,常规弯举归肱二头肌准确。,E14|P0,必留
92,DB_ALTERNATING_CURL,哑铃交替弯举,哑铃,手臂,,肱二头肌,biceps,,,通过,通过,通过,通过,哑铃交替弯举,哑铃,手臂,,肱二头肌,biceps,,,保留当前名称、分类和肌群。,常规弯举归肱二头肌准确。,E14|P0,保留，覆盖哑铃轮换弯举
93,HAMMER_CURL,锤式弯举,哑铃,手臂,,肱二头肌,biceps,,,通过,通过,建议调整,建议调整,锤式弯举,哑铃,手臂,,肱二头肌,biceps,前臂,forearms,锤式弯举补前臂/肱桡肌参与；App 以 forearms 近似。,锤式/反握弯举需要体现前臂/肱桡肌参与；App 可用前臂 region 近似。,E14|P0,必留
94,DB_CROSS_HAMMER_CURL,交叉锤式弯举,哑铃,手臂,,肱二头肌,biceps,,,通过,通过,建议调整,建议调整,交叉锤式弯举,哑铃,手臂,,肱二头肌,biceps,前臂,forearms,锤式弯举补前臂/肱桡肌参与；App 以 forearms 近似。,锤式/反握弯举需要体现前臂/肱桡肌参与；App 可用前臂 region 近似。,E14|P0,保留，线上有历史
95,INCLINE_DB_CURL,上斜哑铃弯举,哑铃,手臂,,肱二头肌,biceps,,,通过,通过,通过,通过,上斜哑铃弯举,哑铃,手臂,,肱二头肌,biceps,,,保留当前名称、分类和肌群。,常规弯举归肱二头肌准确。,E14|P0,保留
96,CONCENTRATION_CURL,集中弯举,哑铃,手臂,,肱二头肌,biceps,,,通过,通过,通过,通过,集中弯举,哑铃,手臂,,肱二头肌,biceps,,,保留当前名称、分类和肌群。,常规弯举归肱二头肌准确。,E14|P0,保留
97,SPIDER_CURL,蜘蛛弯举,哑铃,手臂,,肱二头肌,biceps,,,通过,通过,通过,通过,蜘蛛弯举,哑铃,手臂,,肱二头肌,biceps,,,保留当前名称、分类和肌群。,常规弯举归肱二头肌准确。,E14|P0,保留
98,PREACHER_CURL,牧师凳弯举,器械,手臂,,肱二头肌,biceps,,,基本准确,通过,通过,建议调整,牧师凳弯举,杠铃,手臂,,肱二头肌,biceps,,,名称未写“器械”，当前 equipmentType=器械容易误导；建议改为杠铃，或把名称改成“器械牧师凳弯举”。,常规弯举归肱二头肌准确。,E14|P0,必留，线上有历史
99,SINGLE_ARM_PREACHER_CURL,单臂牧师凳弯举,哑铃,手臂,,肱二头肌,biceps,,,通过,通过,通过,通过,单臂牧师凳弯举,哑铃,手臂,,肱二头肌,biceps,,,保留当前名称、分类和肌群。,常规弯举归肱二头肌准确。,E14|P0,保留，覆盖线上自定义
100,CABLE_CURL,绳索弯举,绳索,手臂,,肱二头肌,biceps,,,通过,通过,通过,通过,绳索弯举,绳索,手臂,,肱二头肌,biceps,,,保留当前名称、分类和肌群。,常规弯举归肱二头肌准确。,E14|P0,必留，线上有历史
101,BB_STRAIGHT_BAR_CURL,直杆绳索弯举,绳索,手臂,,肱二头肌,biceps,,,通过,通过,通过,通过,直杆绳索弯举,绳索,手臂,,肱二头肌,biceps,,,保留当前名称、分类和肌群。,常规弯举归肱二头肌准确。,E14|P0,独立保留，线上有历史
102,CABLE_SEATED_BAR_CURL,坐姿绳索拉杆二头弯举,绳索,手臂,,肱二头肌,biceps,,,通过,通过,通过,通过,坐姿绳索拉杆二头弯举,绳索,手臂,,肱二头肌,biceps,,,保留当前名称、分类和肌群。,常规弯举归肱二头肌准确。,E14|P0,独立保留，线上自定义有历史
103,MACHINE_CURL,器械弯举,器械,手臂,,肱二头肌,biceps,,,通过,通过,通过,通过,器械弯举,器械,手臂,,肱二头肌,biceps,,,保留当前名称、分类和肌群。,常规弯举归肱二头肌准确。,E14|P0,保留
104,REVERSE_CURL,反握弯举,杠铃,手臂,,肱二头肌、前臂,biceps|forearms,,,通过,通过,建议调整,建议调整,反握弯举,杠铃,手臂,,前臂、肱二头肌,forearms|biceps,,,反握弯举建议以前臂/肱桡肌优先，肱二头肌次之；当前双主动可保留但顺序建议调整。,锤式/反握弯举需要体现前臂/肱桡肌参与；App 可用前臂 region 近似。,E14|P0,保留
105,TRICEP_PUSHDOWN,绳索下压,绳索,手臂,,肱三头肌,triceps,,,通过,通过,通过,通过,绳索下压,绳索,手臂,,肱三头肌,triceps,,,保留当前名称、分类和肌群。,孤立三头伸展/下压归肱三头肌准确。,E15|P0,必留
106,ROPE_PUSHDOWN,绳柄下压,绳索,手臂,,肱三头肌,triceps,,,通过,通过,通过,通过,绳柄下压,绳索,手臂,,肱三头肌,triceps,,,保留当前名称、分类和肌群。,孤立三头伸展/下压归肱三头肌准确。,E15|P0,必留
107,CABLE_V_BAR_PUSHDOWN,V-bar 绳索下压,绳索,手臂,,肱三头肌,triceps,,,通过,通过,通过,通过,V-bar 绳索下压,绳索,手臂,,肱三头肌,triceps,,,保留当前名称、分类和肌群。,孤立三头伸展/下压归肱三头肌准确。,E15|P0,保留，线上有历史
108,BB_STRAIGHT_BAR_PUSHDOWN,直杆绳索下压,绳索,手臂,,肱三头肌,triceps,,,通过,通过,通过,通过,直杆绳索下压,绳索,手臂,,肱三头肌,triceps,,,保留当前名称、分类和肌群。,孤立三头伸展/下压归肱三头肌准确。,E15|P0,保留，线上有历史
109,SINGLE_ARM_CABLE_PUSHDOWN,单臂绳索下压,绳索,手臂,,肱三头肌,triceps,,,通过,通过,通过,通过,单臂绳索下压,绳索,手臂,,肱三头肌,triceps,,,保留当前名称、分类和肌群。,孤立三头伸展/下压归肱三头肌准确。,E15|P0,保留，线上有历史
110,SKULL_CRUSHER,仰卧臂屈伸,杠铃,手臂,,肱三头肌,triceps,,,通过,通过,通过,通过,仰卧臂屈伸,杠铃,手臂,,肱三头肌,triceps,,,保留当前名称、分类和肌群。,孤立三头伸展/下压归肱三头肌准确。,E15|P0,必留，线上有历史
111,CLOSE_GRIP_BENCH,窄距卧推,杠铃,手臂,,肱三头肌,triceps,,,通过,通过,建议调整,建议调整,窄距卧推,杠铃,手臂,,肱三头肌,triceps,胸大肌、三角肌前束,chest|deltFront,复合三头推举/臂屈伸补胸大肌和三角肌前束协同。,窄距卧推和臂屈伸主攻三头，但胸和前三角明显参与；应补协同肌。,E15|E4|P0,必留，线上自定义有历史
112,CABLE_TRICEP_EXT,绳索臂屈伸,绳索,手臂,,肱三头肌,triceps,,,通过,通过,通过,通过,绳索臂屈伸,绳索,手臂,,肱三头肌,triceps,,,保留当前名称、分类和肌群。,孤立三头伸展/下压归肱三头肌准确。,E15|P0,必留，线上高频
113,OVERHEAD_TRICEP_EXT,哑铃过顶臂屈伸,哑铃,手臂,,肱三头肌,triceps,,,通过,通过,通过,通过,哑铃过顶臂屈伸,哑铃,手臂,,肱三头肌,triceps,,,保留当前名称、分类和肌群。,孤立三头伸展/下压归肱三头肌准确。,E15|P0,必留
114,CABLE_OVERHEAD_EXT,绳索过顶臂屈伸,绳索,手臂,,肱三头肌,triceps,,,通过,通过,通过,通过,绳索过顶臂屈伸,绳索,手臂,,肱三头肌,triceps,,,保留当前名称、分类和肌群。,孤立三头伸展/下压归肱三头肌准确。,E15|P0,必留
115,TRICEP_KICKBACK,哑铃臂屈伸后踢,哑铃,手臂,,肱三头肌,triceps,,,通过,通过,通过,通过,哑铃臂屈伸后踢,哑铃,手臂,,肱三头肌,triceps,,,保留当前名称、分类和肌群。,孤立三头伸展/下压归肱三头肌准确。,E15|P0,保留
116,TRICEP_DIP,双杠臂屈伸（三头）,自重,手臂,,肱三头肌,triceps,,,通过,通过,建议调整,建议调整,双杠臂屈伸（三头）,自重,手臂,,肱三头肌,triceps,胸大肌、三角肌前束,chest|deltFront,复合三头推举/臂屈伸补胸大肌和三角肌前束协同。,窄距卧推和臂屈伸主攻三头，但胸和前三角明显参与；应补协同肌。,E15|E4|P0,保留
117,BENCH_DIP,凳上臂屈伸,自重,手臂,,肱三头肌,triceps,,,通过,通过,建议调整,建议调整,凳上臂屈伸,自重,手臂,,肱三头肌,triceps,胸大肌、三角肌前束,chest|deltFront,复合三头推举/臂屈伸补胸大肌和三角肌前束协同。,窄距卧推和臂屈伸主攻三头，但胸和前三角明显参与；应补协同肌。,E15|E4|P0,保留
118,MACHINE_TRICEP_EXT,器械臂屈伸,器械,手臂,,肱三头肌,triceps,,,通过,通过,通过,通过,器械臂屈伸,器械,手臂,,肱三头肌,triceps,,,保留当前名称、分类和肌群。,孤立三头伸展/下压归肱三头肌准确。,E15|P0,保留
119,WRIST_CURL,腕弯举,杠铃,手臂,,前臂,forearms,,,通过,通过,通过,通过,腕弯举,杠铃,手臂,,前臂,forearms,,,保留当前名称、分类和肌群。,腕屈伸归前臂准确。,E16|P0,保留
120,REVERSE_WRIST_CURL,反向腕弯举,杠铃,手臂,,前臂,forearms,,,通过,通过,通过,通过,反向腕弯举,杠铃,手臂,,前臂,forearms,,,保留当前名称、分类和肌群。,腕屈伸归前臂准确。,E16|P0,保留
121,BB_SQUAT,杠铃深蹲,杠铃,腿,,股四头肌,quads,,,通过,通过,建议调整,建议调整,杠铃深蹲,杠铃,腿,,股四头肌,quads,臀大肌、内收肌、腘绳肌,glutes|adductors|hams,蹲类补臀大肌、内收肌和腘绳肌协同。,蹲类主股四头，但臀大肌、内收肌、腘绳肌协同明显；当前协同缺失。,E17|P0,必留，线上有历史
122,FRONT_SQUAT,颈前深蹲,杠铃,腿,,股四头肌,quads,,,通过,通过,建议调整,建议调整,颈前深蹲,杠铃,腿,,股四头肌,quads,臀大肌、内收肌、腘绳肌,glutes|adductors|hams,蹲类补臀大肌、内收肌和腘绳肌协同。,蹲类主股四头，但臀大肌、内收肌、腘绳肌协同明显；当前协同缺失。,E17|P0,必留
123,SMITH_SQUAT,史密斯深蹲,史密斯,腿,,股四头肌,quads,,,通过,通过,建议调整,建议调整,史密斯深蹲,史密斯,腿,,股四头肌,quads,臀大肌、内收肌、腘绳肌,glutes|adductors|hams,蹲类补臀大肌、内收肌和腘绳肌协同。,蹲类主股四头，但臀大肌、内收肌、腘绳肌协同明显；当前协同缺失。,E17|P0,必留，线上有历史
124,HACK_SQUAT,哈克深蹲,器械,腿,,股四头肌,quads,,,通过,通过,建议调整,建议调整,哈克深蹲,器械,腿,,股四头肌,quads,臀大肌、内收肌、腘绳肌,glutes|adductors|hams,蹲类补臀大肌、内收肌和腘绳肌协同。,蹲类主股四头，但臀大肌、内收肌、腘绳肌协同明显；当前协同缺失。,E17|P0,保留
125,GOBLET_SQUAT,高脚杯深蹲,哑铃,腿,,股四头肌,quads,,,通过,通过,建议调整,建议调整,高脚杯深蹲,哑铃,腿,,股四头肌,quads,臀大肌、内收肌、腘绳肌,glutes|adductors|hams,蹲类补臀大肌、内收肌和腘绳肌协同。,蹲类主股四头，但臀大肌、内收肌、腘绳肌协同明显；当前协同缺失。,E17|P0,保留
126,LEG_PRESS,腿举,器械,腿,,股四头肌,quads,,,通过,通过,建议调整,建议调整,腿举,器械,腿,,股四头肌,quads,臀大肌、内收肌、腘绳肌,glutes|adductors|hams,腿举类补臀、内收和腘绳肌协同。,腿举主股四头，臀/腘绳/内收参与；当前协同缺失。,E18|P0,必留
127,MACHINE_LEG_PRESS,器械倒蹬机,器械,腿,,股四头肌,quads,,,通过,通过,建议调整,建议调整,器械倒蹬机,器械,腿,,股四头肌,quads,臀大肌、内收肌、腘绳肌,glutes|adductors|hams,腿举类补臀、内收和腘绳肌协同。,腿举主股四头，臀/腘绳/内收参与；当前协同缺失。,E18|P0,独立保留，线上有历史
128,LEG_EXTENSION,坐姿腿屈伸,器械,腿,,股四头肌,quads,,,通过,通过,通过,通过,坐姿腿屈伸,器械,腿,,股四头肌,quads,,,保留当前名称、分类和肌群。,腿屈伸主股四头，当前分类和肌群准确。,E18|P0,必留，线上自定义有历史；主流腿部动作
129,MACHINE_SINGLE_LEG_EXTENSION,单腿腿屈伸,器械,腿,,股四头肌,quads,,,通过,通过,通过,通过,单腿腿屈伸,器械,腿,,股四头肌,quads,,,保留当前名称、分类和肌群。,腿屈伸主股四头，当前分类和肌群准确。,E18|P0,保留，线上有历史
130,BULGARIAN_SPLIT_SQUAT,保加利亚分腿蹲,哑铃,腿,,股四头肌,quads,,,通过,通过,建议调整,建议调整,保加利亚分腿蹲,哑铃,腿,,股四头肌、臀大肌,quads|glutes,内收肌、腘绳肌,adductors|hams,单腿蹲/箭步/登踏类补臀大肌主动肌，内收/腘绳协同。,箭步、登踏、分腿蹲覆盖股四头和臀部；当前只标股四头偏窄。,E19|P0,必留，线上有历史
131,LUNGE,箭步蹲,哑铃,腿,,股四头肌,quads,,,通过,通过,建议调整,建议调整,箭步蹲,哑铃,腿,,股四头肌、臀大肌,quads|glutes,内收肌、腘绳肌,adductors|hams,单腿蹲/箭步/登踏类补臀大肌主动肌，内收/腘绳协同。,箭步、登踏、分腿蹲覆盖股四头和臀部；当前只标股四头偏窄。,E19|P0,保留，线上有历史
132,WALKING_LUNGE,行走箭步蹲,哑铃,腿,,股四头肌,quads,,,通过,通过,建议调整,建议调整,行走箭步蹲,哑铃,腿,,股四头肌、臀大肌,quads|glutes,内收肌、腘绳肌,adductors|hams,单腿蹲/箭步/登踏类补臀大肌主动肌，内收/腘绳协同。,箭步、登踏、分腿蹲覆盖股四头和臀部；当前只标股四头偏窄。,E19|P0,保留
133,STEP_UP,箱式登踏,哑铃,腿,,股四头肌,quads,,,通过,通过,建议调整,建议调整,箱式登踏,哑铃,腿,,股四头肌、臀大肌,quads|glutes,内收肌、腘绳肌,adductors|hams,单腿蹲/箭步/登踏类补臀大肌主动肌，内收/腘绳协同。,箭步、登踏、分腿蹲覆盖股四头和臀部；当前只标股四头偏窄。,E19|P0,保留
134,PISTOL_SQUAT,单腿深蹲,自重,腿,,股四头肌,quads,,,通过,通过,建议调整,建议调整,单腿深蹲,自重,腿,,股四头肌,quads,臀大肌、内收肌、腘绳肌,glutes|adductors|hams,蹲类补臀大肌、内收肌和腘绳肌协同。,蹲类主股四头，但臀大肌、内收肌、腘绳肌协同明显；当前协同缺失。,E17|P0,保留
135,SEATED_LEG_CURL,坐姿腿弯举,器械,腿,,腘绳肌,hams,,,通过,通过,通过,通过,坐姿腿弯举,器械,腿,,腘绳肌,hams,,,保留当前名称、分类和肌群。,腿弯举归腘绳肌准确。,E18|P0,必留，线上有历史
136,LEG_CURL,俯卧腿弯举,器械,腿,,腘绳肌,hams,,,通过,通过,通过,通过,俯卧腿弯举,器械,腿,,腘绳肌,hams,,,保留当前名称、分类和肌群。,腿弯举归腘绳肌准确。,E18|P0,必留
137,STANDING_LEG_CURL,站姿腿弯举,器械,腿,,腘绳肌,hams,,,通过,通过,通过,通过,站姿腿弯举,器械,腿,,腘绳肌,hams,,,保留当前名称、分类和肌群。,腿弯举归腘绳肌准确。,E18|P0,保留
138,ROMANIAN_DL,罗马尼亚硬拉,杠铃,腿,,腘绳肌,hams,臀大肌,glutes,通过,通过,建议调整,建议调整,罗马尼亚硬拉,杠铃,腿,,腘绳肌,hams,臀大肌、竖脊肌/下背,glutes|lowerBack,RDL 保留腘绳肌主导，补竖脊肌协同。,RDL 主腘绳肌并牵涉臀大肌和竖脊肌；当前缺少 lowerBack 协同。,E7|P0,必留，主腿副臀，线上有历史
139,DB_RDL,哑铃罗马尼亚硬拉,哑铃,腿,,腘绳肌,hams,臀大肌,glutes,通过,通过,建议调整,建议调整,哑铃罗马尼亚硬拉,哑铃,腿,,腘绳肌,hams,臀大肌、竖脊肌/下背,glutes|lowerBack,RDL 保留腘绳肌主导，补竖脊肌协同。,RDL 主腘绳肌并牵涉臀大肌和竖脊肌；当前缺少 lowerBack 协同。,E7|P0,保留
140,SUMO_DEADLIFT,相扑硬拉,杠铃,腿,,内收肌、臀大肌,adductors|glutes,,,通过,通过,建议调整,建议调整,相扑硬拉,杠铃,腿,,臀大肌、内收肌,glutes|adductors,腘绳肌、竖脊肌/下背、股四头肌、斜方肌、前臂,hams|lowerBack|quads|traps|forearms,补齐相扑硬拉的后链、下背、股四头和握力协同。,相扑硬拉强调内收肌和臀，同时仍是后链/背部稳定复合动作；建议补齐协同。,E20|E7|P0,保留
141,HIP_ADDUCTION,髋内收,器械,腿,,内收肌,adductors,,,通过,通过,通过,通过,髋内收,器械,腿,,内收肌,adductors,,,保留当前名称、分类和肌群。,髋内收归内收肌准确。,E20|P0,保留，线上有历史
142,SEATED_CALF_RAISE,坐姿提踵,器械,腿,,小腿,calves,,,通过,通过,通过,通过,坐姿提踵,器械,腿,,小腿,calves,,,保留当前名称、分类和肌群。,提踵归小腿准确。,E21|P0,必留
143,STANDING_CALF_RAISE,站姿提踵,器械,腿,,小腿,calves,,,通过,通过,通过,通过,站姿提踵,器械,腿,,小腿,calves,,,保留当前名称、分类和肌群。,提踵归小腿准确。,E21|P0,必留
144,DB_CALF_RAISE,站姿哑铃提踵,哑铃,腿,,小腿,calves,,,通过,通过,通过,通过,站姿哑铃提踵,哑铃,腿,,小腿,calves,,,保留当前名称、分类和肌群。,提踵归小腿准确。,E21|P0,保留，线上有历史
145,HIP_THRUST,杠铃臀冲,杠铃,臀,,臀大肌,glutes,,,通过,通过,建议调整,建议调整,杠铃臀冲,杠铃,臀,,臀大肌,glutes,腘绳肌、腹直肌,hams|abs,臀部伸髋类补腘绳肌和核心稳定协同。,臀推、臀桥、后踢腿主攻臀大肌；可补腘绳肌或核心稳定协同。,E22|P0,必留，线上有历史
146,MACHINE_HIP_THRUST,器械臀推,器械,臀,,臀大肌,glutes,,,通过,通过,建议调整,建议调整,器械臀推,器械,臀,,臀大肌,glutes,腘绳肌、腹直肌,hams|abs,臀部伸髋类补腘绳肌和核心稳定协同。,臀推、臀桥、后踢腿主攻臀大肌；可补腘绳肌或核心稳定协同。,E22|P0,保留
147,GLUTE_BRIDGE,臀桥,自重,臀,,臀大肌,glutes,,,通过,通过,建议调整,建议调整,臀桥,自重,臀,,臀大肌,glutes,腘绳肌、腹直肌,hams|abs,臀部伸髋类补腘绳肌和核心稳定协同。,臀推、臀桥、后踢腿主攻臀大肌；可补腘绳肌或核心稳定协同。,E22|P0,保留，线上自定义有历史
148,DB_GLUTE_BRIDGE,哑铃臀桥,哑铃,臀,,臀大肌,glutes,,,通过,通过,建议调整,建议调整,哑铃臀桥,哑铃,臀,,臀大肌,glutes,腘绳肌、腹直肌,hams|abs,臀部伸髋类补腘绳肌和核心稳定协同。,臀推、臀桥、后踢腿主攻臀大肌；可补腘绳肌或核心稳定协同。,E22|P0,保留
149,CABLE_KICKBACK,绳索后踢腿,绳索,臀,,臀大肌,glutes,,,通过,通过,建议调整,建议调整,绳索后踢腿,绳索,臀,,臀大肌,glutes,腘绳肌、腹直肌,hams|abs,臀部伸髋类补腘绳肌和核心稳定协同。,臀推、臀桥、后踢腿主攻臀大肌；可补腘绳肌或核心稳定协同。,E22|P0,保留
150,GLUTE_KICKBACK_MACHINE,器械后踢腿,器械,臀,,臀大肌,glutes,,,通过,通过,建议调整,建议调整,器械后踢腿,器械,臀,,臀大肌,glutes,腘绳肌、腹直肌,hams|abs,臀部伸髋类补腘绳肌和核心稳定协同。,臀推、臀桥、后踢腿主攻臀大肌；可补腘绳肌或核心稳定协同。,E22|P0,保留
151,DB_SINGLE_LEG_DEADLIFT,单腿哑铃硬拉,哑铃,臀,,腘绳肌、臀大肌,hams|glutes,腘绳肌,hams,通过,通过,建议调整,建议调整,单腿哑铃硬拉,哑铃,臀,,臀大肌,glutes,腘绳肌、竖脊肌/下背,hams|lowerBack,去掉 secondary 中与 primary 重复的 hams；单腿硬拉在臀分类下建议主臀，腘绳/下背协同。,单腿硬拉应归臀/后链，当前 secondary 与 primary 重复，需修正。,E7|E22|P0,主臀副腿
152,HIP_ABDUCTION,髋外展,器械,臀,,臀中肌、臀大肌,gluteMed|glutes,,,通过,通过,建议调整,建议调整,髋外展,器械,臀,,臀中肌,gluteMed,臀大肌,glutes,髋外展主目标应更精确为臀中肌，臀大肌作协同。,髋外展/侧走主攻臀中肌，臀大肌参与；当前 primary 可更精确到臀中肌。,E23|P0,主臀副腿
153,BAND_LATERAL_WALK,弹力带侧走,弹力带,臀,,臀中肌、臀大肌,gluteMed|glutes,,,通过,通过,建议调整,建议调整,弹力带侧走,弹力带,臀,,臀中肌,gluteMed,臀大肌,glutes,弹力带侧走主目标应更精确为臀中肌，臀大肌作协同。,髋外展/侧走主攻臀中肌，臀大肌参与；当前 primary 可更精确到臀中肌。,E23|P0,保留
154,CRUNCH,卷腹,自重,核心,,腹直肌,abs,,,通过,通过,通过,通过,卷腹,自重,核心,,腹直肌,abs,,,保留当前名称、分类和肌群。,卷腹、举腿、绳索卷腹主腹直肌，当前准确。,E24|P0,必留
155,SIT_UP,仰卧起坐,自重,核心,,腹直肌,abs,,,通过,通过,通过,通过,仰卧起坐,自重,核心,,腹直肌,abs,,,保留当前名称、分类和肌群。,卷腹、举腿、绳索卷腹主腹直肌，当前准确。,E24|P0,保留
156,REVERSE_CRUNCH,反向卷腹,自重,核心,,腹直肌,abs,,,通过,通过,通过,通过,反向卷腹,自重,核心,,腹直肌,abs,,,保留当前名称、分类和肌群。,卷腹、举腿、绳索卷腹主腹直肌，当前准确。,E24|P0,保留
157,HANGING_LEG_RAISE,悬挂举腿,自重,核心,,腹直肌,abs,,,通过,通过,通过,通过,悬挂举腿,自重,核心,,腹直肌,abs,,,保留当前名称、分类和肌群。,卷腹、举腿、绳索卷腹主腹直肌，当前准确。,E24|P0,必留，线上有历史
158,PLANK,平板支撑,自重,核心,,腹直肌、腹斜肌,abs|obliques,,,通过,通过,通过,通过,平板支撑,自重,核心,,腹直肌、腹斜肌,abs|obliques,,,保留当前名称、分类和肌群。,平板、死虫、鸟狗是核心稳定类；当前核心分类准确，鸟狗可补下背/臀协同。,E25|P0,必留
159,SIDE_PLANK,侧平板支撑,自重,核心,,腹斜肌,obliques,,,通过,通过,通过,通过,侧平板支撑,自重,核心,,腹斜肌,obliques,,,保留当前名称、分类和肌群。,平板、死虫、鸟狗是核心稳定类；当前核心分类准确，鸟狗可补下背/臀协同。,E25|P0,保留
160,DEAD_BUG,死虫,自重,核心,,腹直肌、腹斜肌,abs|obliques,,,通过,通过,通过,通过,死虫,自重,核心,,腹直肌、腹斜肌,abs|obliques,,,保留当前名称、分类和肌群。,平板、死虫、鸟狗是核心稳定类；当前核心分类准确，鸟狗可补下背/臀协同。,E25|P0,保留
161,BIRD_DOG,鸟狗,自重,核心,,腹直肌、腹斜肌,abs|obliques,,,通过,通过,通过,建议调整,鸟狗,自重,核心,,腹直肌、腹斜肌,abs|obliques,竖脊肌/下背、臀大肌,lowerBack|glutes,鸟狗补竖脊肌和臀部稳定协同。,平板、死虫、鸟狗是核心稳定类；当前核心分类准确，鸟狗可补下背/臀协同。,E25|P0,保留
162,RUSSIAN_TWIST,俄罗斯转体,自重,核心,,腹斜肌,obliques,,,通过,通过,通过,建议调整,俄罗斯转体,自重,核心,,腹斜肌,obliques,腹直肌,abs,俄罗斯转体可补腹直肌稳定协同。,转体和伐木类以腹斜肌为主，当前准确；可按需补腹直肌稳定。,E26|P0,保留
163,CABLE_CRUNCH,绳索卷腹,绳索,核心,,腹直肌,abs,,,通过,通过,通过,通过,绳索卷腹,绳索,核心,,腹直肌,abs,,,保留当前名称、分类和肌群。,卷腹、举腿、绳索卷腹主腹直肌，当前准确。,E24|P0,保留
164,WOODCHOPPER,绳索伐木,绳索,核心,,腹斜肌,obliques,,,通过,通过,通过,建议调整,绳索伐木,绳索,核心,,腹斜肌,obliques,腹直肌,abs,绳索伐木可补腹直肌稳定协同。,转体和伐木类以腹斜肌为主，当前准确；可按需补腹直肌稳定。,E26|P0,保留
165,LYING_LEG_RAISE,仰卧抬腿,自重,核心,,腹直肌,abs,,,通过,通过,通过,通过,仰卧抬腿,自重,核心,,腹直肌,abs,,,保留当前名称、分类和肌群。,卷腹、举腿、绳索卷腹主腹直肌，当前准确。,E24|P0,保留
166,INCLINE_CRUNCH,上斜卷腹,自重,核心,,腹直肌,abs,,,通过,通过,通过,通过,上斜卷腹,自重,核心,,腹直肌,abs,,,保留当前名称、分类和肌群。,卷腹、举腿、绳索卷腹主腹直肌，当前准确。,E24|P0,保留
167,INCLINE_TWIST_CRUNCH,上斜卷腹转体,自重,核心,,腹斜肌,obliques,,,通过,通过,通过,建议调整,上斜卷腹转体,自重,核心,,腹斜肌,obliques,腹直肌,abs,转体卷腹可补腹直肌稳定协同。,转体和伐木类以腹斜肌为主，当前准确；可按需补腹直肌稳定。,E26|P0,保留，线上有历史
168,PLANK_BUTTERFLY_CRUNCH,平板蝴蝶收腹,自重,核心,,腹直肌,abs,,,通过,通过,通过,通过,平板蝴蝶收腹,自重,核心,,腹直肌,abs,,,保留当前名称、分类和肌群。,卷腹、举腿、绳索卷腹主腹直肌，当前准确。,E24|P0,保留，线上有历史
169,AB_WHEEL,健腹轮,自重,核心,,腹直肌,abs,,,通过,通过,建议调整,建议调整,健腹轮,自重,核心,,腹直肌,abs,腹斜肌、三角肌前束、背阔肌,obliques|deltFront|lats,健腹轮补腹斜肌和肩背稳定协同。,健腹轮主腹直肌，但强依赖腹斜肌与肩背稳定；建议补 obliques 协同。,E24|E25|P0,保留
170,BATTLE_ROPE,战绳,自重,功能性,,三角肌前束、前臂,deltFront|forearms,,,通过,建议调整,建议调整,建议调整,战绳,其他,功能性,动态控制,三角肌前束、前臂、腹直肌,deltFront|forearms|abs,腹斜肌、股四头肌、臀大肌,obliques|quads|glutes,战绳不是自重；建议 equipmentType=其他，并归功能性/动态控制，补核心和下肢协同。,全身体能/功能动作，不适合归单一解剖类；应补充核心/下肢协同和正确器械。,E28|P0,保留
171,BURPEE,波比跳,自重,功能性,,股四头肌、胸大肌,quads|chest,,,通过,建议调整,建议调整,建议调整,波比跳,自重,功能性,动态控制,股四头肌、胸大肌,quads|chest,肱三头肌、三角肌前束、腹直肌、臀大肌、腘绳肌,triceps|deltFront|abs|glutes|hams,波比跳建议归动态控制而非爆发奥举；补上肢、核心和后链协同。,全身体能/功能动作，不适合归单一解剖类；应补充核心/下肢协同和正确器械。,E28|P0,保留
172,KETTLEBELL_SWING,壶铃摆荡,壶铃,功能性,,臀大肌、腘绳肌,glutes|hams,,,通过,通过,通过,建议调整,壶铃摆荡,壶铃,功能性,负重搬运,臀大肌、腘绳肌,glutes|hams,竖脊肌/下背、前臂,lowerBack|forearms,运行时会按“摆荡”归负重搬运；建议在 JSON 显式写入并补下背/前臂协同。,功能性动作分类合理，但部分器械和浏览子类需要更精确。,E27|P0,保留
173,TURKISH_GET_UP,土耳其起立,自重,功能性,,腹直肌、三角肌前束,abs|deltFront,,,通过,建议调整,建议调整,建议调整,土耳其起立,壶铃,功能性,动态控制,腹直肌、三角肌前束、臀大肌,abs|deltFront|glutes,腹斜肌、股四头肌、前臂,obliques|quads|forearms,土耳其起立通常以壶铃/负重记录；建议从运行时“爆发奥举”改为动态控制。,功能性动作分类合理，但部分器械和浏览子类需要更精确。,E27|P0,保留
174,FARMER_CARRY,农夫行走,自重,功能性,,前臂、斜方肌,forearms|traps,,,通过,建议调整,建议调整,建议调整,农夫行走,其他,功能性,负重搬运,前臂、斜方肌、腹直肌、腹斜肌,forearms|traps|abs|obliques,臀大肌、小腿,glutes|calves,农夫行走不是自重；建议 equipmentType=其他，补核心抗侧屈。,功能性动作分类合理，但部分器械和浏览子类需要更精确。,E27|P0,保留
175,SHOULDER_WARMUP,肩部热身,自重,热身拉伸,动态热身,,,,,建议改名,通过,通过,建议调整,肩部动态热身,自重,热身拉伸,动态热身,,,,,名称可更具体，避免像单一力量动作；保留热身拉伸/动态热身。,热身拉伸/泡沫轴动作不进入解剖高亮是合理的；重点检查名称、器械和子分类。,E29|E30|E31|P0,覆盖线上“练肩热身”
176,BAND_SHOULDER_PASS_THROUGH,弹力带绕肩,自重,热身拉伸,动态热身,,,,,通过,建议调整,通过,建议调整,弹力带绕肩,弹力带,热身拉伸,动态热身,,,,,名称已说明弹力带，equipmentType 不应是自重。,热身拉伸/泡沫轴动作不进入解剖高亮是合理的；重点检查名称、器械和子分类。,E29|E30|E31|P0,线上自定义有历史
177,PRONE_ARM_CIRCLE,俯卧臂画圈,自重,热身拉伸,动态热身,,,,,通过,通过,通过,通过,俯卧臂画圈,自重,热身拉伸,动态热身,,,,,保留当前名称、分类和肌群。,热身拉伸/泡沫轴动作不进入解剖高亮是合理的；重点检查名称、器械和子分类。,E29|E30|E31|P0,线上自定义有历史
178,CAT_COW,猫牛式,自重,热身拉伸,动态热身,,,,,通过,通过,通过,通过,猫牛式,自重,热身拉伸,动态热身,,,,,保留当前名称、分类和肌群。,热身拉伸/泡沫轴动作不进入解剖高亮是合理的；重点检查名称、器械和子分类。,E29|E30|E31|P0,保留
179,DOWNWARD_DOG,下犬式,自重,热身拉伸,静态拉伸,,,,,通过,通过,通过,通过,下犬式,自重,热身拉伸,静态拉伸,,,,,保留当前名称、分类和肌群。,热身拉伸/泡沫轴动作不进入解剖高亮是合理的；重点检查名称、器械和子分类。,E29|E30|E31|P0,保留
180,THORACIC_ROTATION,胸椎旋转,自重,热身拉伸,动态热身,,,,,通过,通过,通过,通过,胸椎旋转,自重,热身拉伸,动态热身,,,,,保留当前名称、分类和肌群。,热身拉伸/泡沫轴动作不进入解剖高亮是合理的；重点检查名称、器械和子分类。,E29|E30|E31|P0,保留
181,FOAM_ROLL_BACK,泡沫轴背部放松,其他,热身拉伸,泡沫轴放松,,,,,通过,通过,通过,通过,泡沫轴背部放松,其他,热身拉伸,泡沫轴放松,,,,,保留当前名称、分类和肌群。,热身拉伸/泡沫轴动作不进入解剖高亮是合理的；重点检查名称、器械和子分类。,E29|E30|E31|P0,保留
182,FOAM_ROLL_CALF,泡沫轴小腿放松,其他,热身拉伸,泡沫轴放松,,,,,通过,通过,通过,通过,泡沫轴小腿放松,其他,热身拉伸,泡沫轴放松,,,,,保留当前名称、分类和肌群。,热身拉伸/泡沫轴动作不进入解剖高亮是合理的；重点检查名称、器械和子分类。,E29|E30|E31|P0,保留
183,CABLE_SINGLE_ARM_PULLDOWN,单臂绳索下拉,绳索,背,,背阔肌,lats,肱二头肌、三角肌后束,biceps|deltRear,基本准确,建议合并,通过,建议调整,单臂绳索下拉,绳索,背,,背阔肌,lats,肱二头肌、三角肌后束,biceps|deltRear,与“单臂高位下拉”高度重叠；建议做 legacy alias 到 SINGLE_ARM_LAT_PULLDOWN，除非产品要区分高位滑轮和普通绳索下拉。,垂直拉类主目标为背阔肌，二头和后三角参与；当前大方向正确。,E5|P0,保留，覆盖线上自定义旧名称
